City,Temperature,Humidity,Wind Speed,Pressure,Weather,Date
Kolkata,40,55,28,1008,Haze,2026-05-07 04:11:15.679396
Bangalore,26,92,12,992,Haze,2026-04-26 13:11:15.680668
Lucknow,30,49,20,992,Haze,2026-05-07 18:11:15.680668
Bangalore,30,47,18,1019,Haze,2026-04-28 17:11:15.680668
Delhi,21,52,29,991,Sunny,2026-05-07 17:11:15.680668
Lucknow,40,79,26,1019,Thunderstorm,2026-05-08 00:11:15.680668
Pune,40,55,30,996,Rainy,2026-04-26 02:11:15.680668
Jaipur,37,56,21,997,Cloudy,2026-05-09 00:11:15.680668
Jaipur,31,78,29,1025,Sunny,2026-05-02 13:11:15.680668
Mumbai,20,30,7,1017,Thunderstorm,2026-04-20 22:11:15.680668
Jaipur,22,74,4,1009,Partly Cloudy,2026-04-24 00:11:15.680668
Delhi,20,31,1,996,Cloudy,2026-04-23 05:11:15.680668
Nagpur,39,33,10,1013,Cloudy,2026-04-15 00:11:15.680668
Pune,26,71,30,1005,Rainy,2026-05-02 00:11:15.680668
Bangalore,20,83,26,1019,Thunderstorm,2026-04-11 02:11:15.680668
Chennai,40,79,27,1025,Thunderstorm,2026-04-24 15:11:15.680668
Nagpur,24,43,13,1028,Haze,2026-05-10 19:11:15.680668
Jaipur,39,88,28,990,Sunny,2026-04-26 00:11:15.680668
Nagpur,24,76,14,1030,Partly Cloudy,2026-04-13 03:11:15.680668
Lucknow,39,94,21,1026,Cloudy,2026-05-08 10:11:15.680668
Delhi,20,73,2,1025,Partly Cloudy,2026-05-02 20:11:15.680668
Mumbai,30,64,23,990,Partly Cloudy,2026-04-24 13:11:15.680668
Chennai,41,82,14,1012,Rainy,2026-04-28 08:11:15.680668
Jaipur,35,40,10,998,Sunny,2026-05-08 07:11:15.680668
Chennai,31,52,30,991,Partly Cloudy,2026-04-15 22:11:15.680668
Lucknow,25,62,16,1005,Rainy,2026-04-15 12:11:15.680668
Nagpur,26,67,27,990,Thunderstorm,2026-04-20 11:11:15.680668
Jaipur,33,46,2,1023,Partly Cloudy,2026-05-09 08:11:15.680668
Delhi,22,30,9,1003,Cloudy,2026-05-03 14:11:15.680668
Chennai,21,94,8,992,Partly Cloudy,2026-05-02 10:11:15.680668
Hyderabad,30,93,29,1029,Sunny,2026-05-05 08:11:15.680668
Delhi,28,52,2,1008,Thunderstorm,2026-04-28 06:11:15.680668
Bangalore,35,48,16,990,Haze,2026-05-08 01:11:15.680668
Delhi,29,88,23,1011,Thunderstorm,2026-04-30 15:11:15.680668
Pune,25,35,14,991,Haze,2026-04-20 02:11:15.680668
Delhi,22,62,27,1015,Haze,2026-05-06 16:11:15.680668
Bangalore,42,37,8,994,Rainy,2026-05-10 20:11:15.680668
Mumbai,42,37,19,1021,Thunderstorm,2026-04-12 10:11:15.680668
Hyderabad,20,45,26,999,Partly Cloudy,2026-04-22 08:11:15.680668
Jaipur,23,62,15,1018,Thunderstorm,2026-04-13 19:11:15.680668
Jaipur,30,42,5,1006,Haze,2026-04-14 06:11:15.680668
Mumbai,39,58,21,1010,Sunny,2026-05-01 01:11:15.680668
Delhi,37,30,11,1016,Sunny,2026-05-01 18:11:15.680668
Chennai,42,40,4,999,Rainy,2026-04-23 12:11:15.680668
Pune,20,87,26,1013,Rainy,2026-04-25 12:11:15.680668
Lucknow,34,76,6,1021,Rainy,2026-04-12 15:11:15.680668
Delhi,40,61,3,1000,Haze,2026-05-08 17:11:15.680668
Bangalore,31,57,11,1020,Thunderstorm,2026-04-15 23:11:15.680668
Bangalore,38,90,25,1001,Sunny,2026-05-03 03:11:15.680668
Pune,42,72,4,1025,Sunny,2026-05-04 03:11:15.680668
Mumbai,33,37,17,1005,Rainy,2026-04-10 02:11:15.680668
Delhi,24,93,2,1020,Sunny,2026-04-26 22:11:15.680668
Nagpur,39,82,23,1003,Partly Cloudy,2026-05-03 05:11:15.680668
Nagpur,42,40,16,1030,Cloudy,2026-04-15 01:11:15.680668
Mumbai,34,75,4,992,Cloudy,2026-04-14 03:11:15.680668
Kolkata,39,64,4,996,Thunderstorm,2026-04-23 14:11:15.680668
Mumbai,25,95,8,1012,Sunny,2026-05-07 22:11:15.680668
Hyderabad,22,47,6,1020,Partly Cloudy,2026-05-08 23:11:15.680668
Chennai,42,50,26,1019,Partly Cloudy,2026-04-27 03:11:15.680668
Jaipur,41,40,7,1029,Thunderstorm,2026-04-20 17:11:15.680668
Pune,27,68,25,1019,Haze,2026-05-10 03:11:15.680668
Kolkata,33,92,15,1029,Sunny,2026-04-21 17:11:15.680668
Delhi,41,31,28,1019,Cloudy,2026-04-25 07:11:15.680668
Bangalore,28,31,7,998,Sunny,2026-04-17 09:11:15.680668
Pune,26,53,25,1023,Cloudy,2026-04-20 04:11:15.680668
Bangalore,32,68,30,996,Haze,2026-05-04 15:11:15.680668
Nagpur,27,91,24,1022,Partly Cloudy,2026-04-22 01:11:15.680668
Hyderabad,21,32,20,1020,Partly Cloudy,2026-05-03 09:11:15.680668
Pune,27,89,18,1024,Cloudy,2026-04-30 03:11:15.680668
Kolkata,28,58,10,1012,Cloudy,2026-05-01 20:11:15.680668
Chennai,30,93,3,993,Sunny,2026-04-29 19:11:15.680668
Bangalore,22,57,14,997,Thunderstorm,2026-04-21 00:11:15.680668
Nagpur,40,66,22,1030,Haze,2026-04-10 11:11:15.680668
Nagpur,35,56,7,1005,Sunny,2026-05-06 14:11:15.680668
Bangalore,20,89,12,1018,Partly Cloudy,2026-04-16 05:11:15.680668
Jaipur,35,74,21,1020,Thunderstorm,2026-04-24 03:11:15.680668
Jaipur,42,59,16,1017,Sunny,2026-04-17 21:11:15.680668
Kolkata,27,84,3,1003,Haze,2026-05-05 20:11:15.680668
Lucknow,35,37,1,1020,Cloudy,2026-05-07 13:11:15.680668
Mumbai,33,51,24,1017,Sunny,2026-05-05 07:11:15.680668
Jaipur,20,30,25,993,Thunderstorm,2026-05-04 17:11:15.680668
Kolkata,34,40,8,1016,Thunderstorm,2026-04-14 02:11:15.680668
Hyderabad,25,90,18,1022,Cloudy,2026-04-28 16:11:15.680668
Kolkata,29,82,9,1023,Rainy,2026-04-27 02:11:15.680668
Mumbai,24,33,25,1018,Haze,2026-05-02 02:11:15.681670
Kolkata,33,51,20,1013,Rainy,2026-04-28 16:11:15.681670
Bangalore,33,56,29,1020,Haze,2026-04-17 12:11:15.681670
Nagpur,22,30,19,999,Thunderstorm,2026-04-22 06:11:15.681670
Jaipur,25,94,22,1024,Rainy,2026-05-05 15:11:15.681670
Nagpur,36,64,2,1026,Haze,2026-04-17 14:11:15.681670
Lucknow,38,33,8,1020,Thunderstorm,2026-04-21 18:11:15.681670
Nagpur,36,32,9,1003,Rainy,2026-05-04 16:11:15.681670
Pune,41,88,10,995,Rainy,2026-04-29 10:11:15.681670
Delhi,21,47,14,1030,Partly Cloudy,2026-04-22 01:11:15.681670
Delhi,25,80,28,1018,Rainy,2026-05-07 00:11:15.681670
Hyderabad,37,81,28,1002,Haze,2026-05-02 10:11:15.681670
Nagpur,31,80,2,1017,Thunderstorm,2026-04-18 08:11:15.681670
Hyderabad,20,47,30,1019,Partly Cloudy,2026-04-27 05:11:15.681670
Chennai,30,53,6,1006,Cloudy,2026-04-16 12:11:15.681670
Hyderabad,38,70,24,992,Sunny,2026-05-07 17:11:15.681670
Kolkata,27,53,10,991,Thunderstorm,2026-05-05 10:11:15.681670
Kolkata,37,75,20,1014,Sunny,2026-05-06 22:11:15.681670
Pune,28,77,16,1018,Rainy,2026-05-03 03:11:15.681670
Pune,26,93,30,995,Rainy,2026-04-28 11:11:15.681670
Nagpur,40,94,3,1015,Haze,2026-04-13 05:11:15.681670
Jaipur,41,83,10,1010,Haze,2026-05-05 03:11:15.681670
Bangalore,35,74,9,1008,Sunny,2026-04-28 00:11:15.681670
Nagpur,22,66,24,1013,Haze,2026-04-14 16:11:15.681670
Mumbai,27,70,21,1003,Rainy,2026-04-18 18:11:15.681670
Bangalore,26,85,18,998,Partly Cloudy,2026-04-26 22:11:15.681670
Kolkata,40,79,14,1029,Haze,2026-04-24 01:11:15.681670
Chennai,22,36,2,1026,Thunderstorm,2026-05-04 07:11:15.681670
Kolkata,26,80,27,1015,Partly Cloudy,2026-04-18 22:11:15.681670
Mumbai,34,95,4,1002,Rainy,2026-04-23 00:11:15.681670
Nagpur,40,44,5,1007,Cloudy,2026-05-06 14:11:15.681670
Bangalore,38,76,7,1020,Thunderstorm,2026-04-13 19:11:15.681670
Nagpur,29,52,5,1010,Cloudy,2026-05-02 14:11:15.681670
Lucknow,39,72,1,1005,Rainy,2026-05-04 16:11:15.681670
Pune,23,87,22,1005,Cloudy,2026-04-23 19:11:15.681670
Bangalore,35,37,14,1004,Partly Cloudy,2026-04-12 03:11:15.681670
Jaipur,34,67,28,1007,Sunny,2026-04-30 12:11:15.681670
Bangalore,39,55,1,995,Sunny,2026-04-12 04:11:15.681670
Hyderabad,38,91,25,1019,Haze,2026-05-01 08:11:15.681670
Kolkata,36,30,12,1014,Cloudy,2026-04-13 21:11:15.681670
Nagpur,38,40,22,1016,Rainy,2026-05-06 09:11:15.681670
Bangalore,27,61,11,1001,Partly Cloudy,2026-05-03 08:11:15.681670
Delhi,25,91,25,1029,Thunderstorm,2026-04-23 19:11:15.681670
Chennai,34,60,10,1012,Thunderstorm,2026-05-05 05:11:15.681670
Kolkata,36,44,9,1030,Haze,2026-05-08 18:11:15.681670
Mumbai,29,80,3,1015,Partly Cloudy,2026-05-02 03:11:15.681670
Kolkata,33,44,28,1010,Cloudy,2026-04-11 06:11:15.681670
Nagpur,36,66,19,1017,Sunny,2026-05-03 14:11:15.681670
Jaipur,39,44,7,1005,Sunny,2026-04-16 15:11:15.681670
Jaipur,28,77,13,1024,Rainy,2026-04-26 21:11:15.681670
Mumbai,21,94,20,1023,Thunderstorm,2026-05-03 04:11:15.681670
Kolkata,29,92,2,1018,Cloudy,2026-05-04 06:11:15.681670
Mumbai,32,67,29,1019,Thunderstorm,2026-04-25 23:11:15.681670
Nagpur,35,92,18,995,Rainy,2026-04-17 19:11:15.681670
Chennai,34,78,17,1012,Sunny,2026-05-10 17:11:15.681670
Mumbai,33,68,9,1025,Partly Cloudy,2026-04-12 20:11:15.681670
Nagpur,40,38,30,999,Thunderstorm,2026-05-08 01:11:15.681670
Hyderabad,39,36,25,1009,Sunny,2026-05-04 23:11:15.681670
Chennai,30,74,16,1017,Rainy,2026-04-10 05:11:15.681670
Delhi,24,86,14,1025,Partly Cloudy,2026-04-22 23:11:15.681670
Hyderabad,34,48,14,1000,Rainy,2026-05-07 00:11:15.681670
Nagpur,27,72,8,1017,Haze,2026-04-10 20:11:15.681670
Chennai,27,67,28,997,Haze,2026-05-06 16:11:15.681670
Kolkata,27,41,18,1016,Cloudy,2026-04-26 05:11:15.681670
Kolkata,35,91,9,1008,Sunny,2026-05-01 07:11:15.681670
Bangalore,42,32,18,999,Rainy,2026-05-03 03:11:15.681670
Kolkata,26,49,23,995,Sunny,2026-04-15 21:11:15.681670
Nagpur,29,34,22,1028,Thunderstorm,2026-04-24 12:11:15.681670
Nagpur,27,56,22,999,Haze,2026-04-12 06:11:15.681670
Chennai,31,84,20,997,Rainy,2026-04-22 00:11:15.681670
Hyderabad,24,95,10,1009,Sunny,2026-04-16 23:11:15.681670
Jaipur,30,78,4,1002,Sunny,2026-05-03 20:11:15.681670
Bangalore,22,50,19,1025,Haze,2026-04-15 02:11:15.681670
Pune,42,95,15,1024,Partly Cloudy,2026-05-04 12:11:15.681670
Jaipur,23,91,27,999,Thunderstorm,2026-04-11 08:11:15.681670
Hyderabad,41,86,5,1013,Haze,2026-04-13 03:11:15.681670
Delhi,42,61,6,1003,Haze,2026-05-06 09:11:15.681670
Kolkata,40,47,18,1026,Partly Cloudy,2026-05-02 13:11:15.681670
Bangalore,30,30,3,1026,Thunderstorm,2026-05-01 14:11:15.681670
Delhi,33,61,22,1020,Haze,2026-05-10 16:11:15.681670
Chennai,27,55,18,1002,Cloudy,2026-05-04 01:11:15.681670
Lucknow,27,35,28,990,Thunderstorm,2026-04-15 11:11:15.681670
Chennai,40,52,4,993,Thunderstorm,2026-04-13 11:11:15.681670
Lucknow,32,66,4,1023,Partly Cloudy,2026-05-08 23:11:15.681670
Mumbai,42,67,4,1016,Cloudy,2026-04-10 20:11:15.681670
Nagpur,33,46,28,1023,Cloudy,2026-04-21 12:11:15.681670
Lucknow,24,34,24,1014,Thunderstorm,2026-04-25 01:11:15.681670
Nagpur,24,57,9,1005,Rainy,2026-05-09 11:11:15.681670
Jaipur,27,83,16,1002,Cloudy,2026-04-10 13:11:15.682666
Bangalore,32,44,20,1029,Thunderstorm,2026-04-26 01:11:15.682666
Lucknow,34,61,20,1006,Partly Cloudy,2026-04-18 11:11:15.682666
Chennai,23,72,3,1010,Rainy,2026-05-10 06:11:15.682666
Chennai,36,41,7,996,Haze,2026-05-05 06:11:15.682666
Nagpur,20,94,13,992,Partly Cloudy,2026-04-17 19:11:15.682666
Mumbai,39,51,20,1006,Thunderstorm,2026-05-06 05:11:15.682666
Lucknow,26,59,18,1003,Thunderstorm,2026-04-17 00:11:15.682666
Mumbai,32,66,6,1022,Haze,2026-04-24 04:11:15.682666
Chennai,26,45,26,1018,Cloudy,2026-04-11 00:11:15.682666
Mumbai,39,71,24,1001,Sunny,2026-04-18 04:11:15.682666
Chennai,32,77,26,999,Haze,2026-04-16 10:11:15.682666
Kolkata,32,79,24,992,Haze,2026-04-24 07:11:15.682666
Mumbai,39,84,24,1027,Haze,2026-05-02 09:11:15.682666
Lucknow,31,83,12,1015,Cloudy,2026-04-10 20:11:15.682666
Mumbai,30,55,26,1000,Rainy,2026-04-11 08:11:15.682666
Kolkata,34,41,25,1030,Haze,2026-05-02 23:11:15.682666
Bangalore,33,54,1,1008,Cloudy,2026-04-16 02:11:15.682666
Nagpur,35,55,30,1020,Haze,2026-04-18 00:11:15.682666
Hyderabad,21,66,4,1000,Cloudy,2026-04-27 04:11:15.682666
Chennai,34,52,18,997,Sunny,2026-04-25 00:11:15.682666
Mumbai,33,83,1,997,Partly Cloudy,2026-05-03 21:11:15.682666
Mumbai,41,90,15,1028,Thunderstorm,2026-05-04 05:11:15.682666
Jaipur,34,30,8,997,Partly Cloudy,2026-04-16 01:11:15.682666
Kolkata,28,40,21,1013,Sunny,2026-05-03 08:11:15.682666
Lucknow,20,51,14,996,Thunderstorm,2026-04-26 22:11:15.682666
Bangalore,41,38,27,1009,Thunderstorm,2026-04-12 07:11:15.682666
Mumbai,39,60,16,1010,Haze,2026-04-20 07:11:15.682666
Chennai,32,50,2,1027,Sunny,2026-04-23 15:11:15.682666
Chennai,20,30,2,996,Sunny,2026-04-23 06:11:15.682666
Pune,41,51,15,1014,Rainy,2026-04-30 13:11:15.682666
Nagpur,28,39,3,1004,Rainy,2026-05-04 12:11:15.682666
Hyderabad,32,33,28,1006,Rainy,2026-04-25 20:11:15.682666
Kolkata,35,82,17,997,Cloudy,2026-04-18 11:11:15.682666
Jaipur,24,71,25,1005,Partly Cloudy,2026-05-10 21:11:15.682666
Pune,20,36,1,1028,Haze,2026-04-16 17:11:15.682666
Delhi,25,95,23,999,Sunny,2026-05-05 10:11:15.682666
Delhi,36,49,24,1006,Sunny,2026-04-21 16:11:15.682666
Nagpur,36,33,16,1016,Sunny,2026-04-10 21:11:15.682666
Pune,41,64,16,1024,Cloudy,2026-04-23 05:11:15.682666
Delhi,40,63,24,1013,Sunny,2026-04-15 01:11:15.682666
Nagpur,38,51,1,1022,Cloudy,2026-04-20 18:11:15.682666
Delhi,20,46,29,1030,Partly Cloudy,2026-04-25 15:11:15.682666
Bangalore,41,67,29,1029,Thunderstorm,2026-04-17 17:11:15.682666
Delhi,23,69,10,1009,Partly Cloudy,2026-04-15 02:11:15.682666
Pune,31,70,26,991,Cloudy,2026-04-20 16:11:15.682666
Lucknow,22,91,30,1001,Haze,2026-05-02 13:11:15.682666
Mumbai,35,73,28,994,Cloudy,2026-05-07 12:11:15.682666
Mumbai,23,59,17,1022,Haze,2026-04-27 18:11:15.682666
Pune,32,36,29,1021,Thunderstorm,2026-04-23 04:11:15.682666
Chennai,34,54,11,996,Rainy,2026-04-21 13:11:15.682666
Bangalore,34,47,2,993,Cloudy,2026-04-29 09:11:15.682666
Kolkata,27,91,24,994,Thunderstorm,2026-05-02 00:11:15.682666
Kolkata,26,55,1,998,Partly Cloudy,2026-04-24 01:11:15.682666
Pune,29,87,16,1027,Sunny,2026-04-27 22:11:15.682666
Mumbai,37,91,14,992,Haze,2026-05-08 14:11:15.682666
Lucknow,32,57,18,1008,Partly Cloudy,2026-05-06 23:11:15.682666
Delhi,36,76,13,1014,Haze,2026-04-22 23:11:15.682666
Hyderabad,23,41,11,1029,Thunderstorm,2026-04-26 18:11:15.682666
Chennai,34,58,2,1029,Cloudy,2026-05-03 19:11:15.682666
Lucknow,24,71,12,1021,Rainy,2026-04-20 10:11:15.682666
Mumbai,42,38,6,1001,Partly Cloudy,2026-04-18 11:11:15.682666
Kolkata,32,87,30,1029,Haze,2026-04-30 07:11:15.682666
Nagpur,25,30,25,1002,Thunderstorm,2026-04-19 20:11:15.682666
Pune,32,34,4,1025,Thunderstorm,2026-04-25 04:11:15.682666
Hyderabad,39,61,27,1015,Cloudy,2026-04-20 07:11:15.682666
Mumbai,35,61,1,999,Thunderstorm,2026-04-25 18:11:15.682666
Kolkata,35,51,3,992,Haze,2026-04-11 12:11:15.682666
Chennai,24,91,12,1019,Partly Cloudy,2026-05-09 01:11:15.682666
Chennai,34,70,29,1024,Haze,2026-04-17 07:11:15.682666
Kolkata,42,55,28,1015,Haze,2026-04-21 09:11:15.682666
Jaipur,38,88,21,1021,Partly Cloudy,2026-05-07 21:11:15.682666
Pune,35,86,1,1005,Sunny,2026-05-08 22:11:15.682666
Kolkata,34,82,27,1005,Sunny,2026-04-10 22:11:15.682666
Bangalore,35,83,27,1025,Rainy,2026-04-29 21:11:15.682666
Nagpur,20,50,17,1011,Rainy,2026-05-04 05:11:15.682666
Pune,25,76,19,1021,Sunny,2026-05-06 01:11:15.682666
Nagpur,37,63,16,1019,Cloudy,2026-04-10 01:11:15.682666
Mumbai,35,89,26,1012,Haze,2026-05-09 14:11:15.682666
Lucknow,34,50,10,1015,Cloudy,2026-04-22 20:11:15.682666
Kolkata,29,84,29,1027,Haze,2026-04-15 18:11:15.682666
Lucknow,40,56,27,992,Partly Cloudy,2026-04-26 04:11:15.682666
Mumbai,32,75,1,1011,Rainy,2026-04-27 11:11:15.682666
Bangalore,32,92,24,1001,Thunderstorm,2026-05-02 07:11:15.682666
Chennai,33,41,12,991,Sunny,2026-04-18 10:11:15.682666
Chennai,29,90,22,1002,Thunderstorm,2026-04-27 12:11:15.682666
Kolkata,25,57,22,996,Cloudy,2026-05-07 21:11:15.682666
Nagpur,26,43,29,1000,Haze,2026-04-29 19:11:15.682666
Mumbai,38,45,5,1029,Rainy,2026-05-11 00:11:15.682666
Jaipur,30,83,18,1010,Rainy,2026-04-13 13:11:15.682666
Mumbai,22,53,25,991,Partly Cloudy,2026-04-15 05:11:15.682666
Bangalore,21,45,5,996,Cloudy,2026-05-06 07:11:15.682666
Lucknow,31,61,22,1021,Sunny,2026-05-05 19:11:15.683664
Lucknow,40,89,11,1019,Rainy,2026-04-29 19:11:15.683664
Bangalore,29,60,7,1002,Thunderstorm,2026-05-02 16:11:15.683664
Jaipur,37,39,17,998,Partly Cloudy,2026-04-21 08:11:15.683664
Mumbai,39,47,23,1029,Thunderstorm,2026-04-30 19:11:15.683664
Kolkata,24,70,17,996,Partly Cloudy,2026-05-09 19:11:15.683664
Lucknow,40,63,29,1025,Thunderstorm,2026-04-28 18:11:15.683664
Mumbai,28,82,2,1000,Cloudy,2026-04-17 16:11:15.683664
Delhi,35,35,10,998,Sunny,2026-05-10 13:11:15.683664
Lucknow,29,52,25,1006,Cloudy,2026-05-02 20:11:15.683664
Jaipur,22,87,4,997,Haze,2026-04-12 21:11:15.683664
Kolkata,39,51,8,1008,Haze,2026-04-13 10:11:15.683664
Mumbai,20,54,29,1022,Rainy,2026-05-01 23:11:15.683664
Hyderabad,40,51,1,1009,Sunny,2026-04-24 04:11:15.683664
Pune,32,64,19,992,Sunny,2026-04-18 02:11:15.683664
Lucknow,33,66,14,1005,Sunny,2026-04-29 10:11:15.683664
Bangalore,39,51,22,999,Rainy,2026-04-23 03:11:15.683664
Mumbai,35,74,6,996,Thunderstorm,2026-04-29 14:11:15.683664
Mumbai,42,77,1,997,Rainy,2026-04-10 12:11:15.683664
Pune,33,80,17,1022,Sunny,2026-05-05 10:11:15.683664
Chennai,35,77,23,1018,Cloudy,2026-04-24 09:11:15.683664
Nagpur,25,40,18,999,Cloudy,2026-04-14 10:11:15.683664
Pune,23,72,12,998,Haze,2026-05-09 00:11:15.683664
Hyderabad,23,95,2,1009,Thunderstorm,2026-04-18 21:11:15.683664
Kolkata,40,40,22,1018,Thunderstorm,2026-05-03 05:11:15.683664
Pune,24,58,17,1023,Partly Cloudy,2026-04-19 04:11:15.683664
Mumbai,31,94,21,1030,Partly Cloudy,2026-04-19 16:11:15.683664
Pune,28,34,23,1013,Haze,2026-04-28 05:11:15.683664
Jaipur,38,55,1,1010,Cloudy,2026-04-15 01:11:15.683664
Mumbai,35,49,6,1018,Cloudy,2026-05-07 14:11:15.683664
Lucknow,24,91,2,993,Thunderstorm,2026-04-21 13:11:15.683664
Delhi,31,80,22,993,Rainy,2026-04-16 20:11:15.683664
Kolkata,24,52,27,1005,Rainy,2026-04-30 19:11:15.683664
Delhi,20,78,3,1025,Haze,2026-04-17 06:11:15.683664
Pune,31,85,10,997,Thunderstorm,2026-05-04 02:11:15.683664
Pune,21,37,5,1018,Partly Cloudy,2026-05-07 10:11:15.683664
Nagpur,38,79,15,995,Partly Cloudy,2026-04-19 06:11:15.683664
Bangalore,26,35,3,1002,Rainy,2026-05-03 13:11:15.683664
Nagpur,24,72,17,995,Thunderstorm,2026-04-12 05:11:15.683664
Jaipur,28,54,12,1029,Haze,2026-04-20 08:11:15.683664
Mumbai,30,73,10,1028,Cloudy,2026-04-30 20:11:15.683664
Delhi,23,35,8,1017,Cloudy,2026-04-20 01:11:15.683664
Mumbai,22,47,2,1014,Rainy,2026-05-01 13:11:15.683664
Delhi,37,88,21,1025,Thunderstorm,2026-04-10 16:11:15.683664
Kolkata,27,36,3,1003,Rainy,2026-05-09 16:11:15.683664
Hyderabad,34,83,22,1001,Cloudy,2026-04-21 20:11:15.683664
Mumbai,30,66,16,1025,Cloudy,2026-04-27 15:11:15.683664
Delhi,41,65,22,1024,Haze,2026-04-30 14:11:15.683664
Bangalore,42,71,21,1026,Rainy,2026-04-21 11:11:15.683664
Mumbai,34,76,29,990,Haze,2026-04-25 00:11:15.683664
Chennai,26,61,23,1013,Cloudy,2026-05-04 06:11:15.683664
Hyderabad,25,89,1,1009,Sunny,2026-05-05 01:11:15.683664
Delhi,28,94,6,990,Cloudy,2026-04-14 23:11:15.683664
Delhi,23,33,10,993,Sunny,2026-04-14 01:11:15.683664
Mumbai,36,42,23,1000,Cloudy,2026-05-10 13:11:15.683664
Bangalore,40,79,14,1024,Sunny,2026-04-20 17:11:15.683664
Bangalore,34,84,23,1001,Rainy,2026-04-18 21:11:15.683664
Mumbai,22,84,21,999,Partly Cloudy,2026-04-20 14:11:15.683664
Lucknow,39,83,3,1018,Cloudy,2026-04-14 12:11:15.683664
Hyderabad,28,79,28,992,Partly Cloudy,2026-04-17 19:11:15.683664
Jaipur,37,55,1,1021,Sunny,2026-04-28 14:11:15.683664
Pune,31,65,30,1021,Thunderstorm,2026-04-18 20:11:15.683664
Pune,30,43,4,1027,Rainy,2026-04-22 09:11:15.683664
Kolkata,36,36,14,1013,Partly Cloudy,2026-04-23 08:11:15.683664
Jaipur,22,73,18,994,Partly Cloudy,2026-04-18 22:11:15.683664
Mumbai,20,45,27,1017,Partly Cloudy,2026-05-01 03:11:15.683664
Chennai,39,42,20,1011,Thunderstorm,2026-04-29 03:11:15.683664
Bangalore,31,42,5,1011,Thunderstorm,2026-04-11 01:11:15.683664
Mumbai,22,62,7,1011,Haze,2026-04-21 03:11:15.683664
Pune,26,56,23,995,Sunny,2026-05-05 04:11:15.683664
Mumbai,20,65,25,1008,Partly Cloudy,2026-05-08 16:11:15.683664
Jaipur,39,32,8,998,Haze,2026-04-27 16:11:15.683664
Nagpur,20,91,13,992,Sunny,2026-04-30 21:11:15.683664
Bangalore,42,81,23,1013,Cloudy,2026-04-10 07:11:15.683664
Bangalore,31,50,20,1019,Haze,2026-04-13 11:11:15.683664
Jaipur,41,43,6,993,Haze,2026-05-10 17:11:15.683664
Bangalore,26,39,20,995,Rainy,2026-05-07 00:11:15.683664
Hyderabad,36,50,25,1027,Partly Cloudy,2026-05-04 23:11:15.683664
Nagpur,20,44,15,1007,Partly Cloudy,2026-05-01 09:11:15.683664
Hyderabad,40,76,4,1009,Rainy,2026-04-27 18:11:15.683664
Hyderabad,42,62,18,1014,Partly Cloudy,2026-05-06 20:11:15.683664
Nagpur,33,35,3,1006,Thunderstorm,2026-04-30 03:11:15.683664
Chennai,27,36,30,1023,Rainy,2026-04-11 04:11:15.683664
Chennai,32,50,27,999,Sunny,2026-04-17 14:11:15.683664
Chennai,22,53,9,1011,Haze,2026-04-11 09:11:15.683664
Kolkata,39,37,20,995,Rainy,2026-04-13 20:11:15.683664
Pune,30,70,22,994,Sunny,2026-05-05 02:11:15.683664
Bangalore,23,45,26,1017,Thunderstorm,2026-05-05 17:11:15.683664
Chennai,31,36,4,1016,Haze,2026-05-06 17:11:15.683664
Bangalore,41,70,27,1017,Rainy,2026-05-06 18:11:15.683664
Bangalore,26,63,11,1019,Rainy,2026-04-25 00:11:15.683664
Hyderabad,41,80,18,1002,Rainy,2026-05-10 12:11:15.683664
Nagpur,22,66,27,1027,Haze,2026-04-20 15:11:15.683664
Jaipur,33,43,14,1003,Thunderstorm,2026-04-30 17:11:15.684661
Lucknow,33,49,6,995,Rainy,2026-04-16 20:11:15.684661
Jaipur,37,66,15,1001,Thunderstorm,2026-05-08 00:11:15.684661
Mumbai,37,95,27,1018,Partly Cloudy,2026-04-10 14:11:15.684661
Delhi,26,64,3,1015,Thunderstorm,2026-05-09 07:11:15.684661
Chennai,27,57,22,1012,Rainy,2026-04-27 22:11:15.684661
Delhi,26,92,3,1017,Haze,2026-04-15 09:11:15.684661
Delhi,28,39,18,1016,Thunderstorm,2026-04-18 17:11:15.684661
Hyderabad,32,41,16,1024,Rainy,2026-05-05 08:11:15.684661
Nagpur,39,93,15,991,Haze,2026-05-02 00:11:15.684661
Kolkata,40,78,26,1004,Haze,2026-04-25 02:11:15.684661
Hyderabad,35,92,9,1026,Thunderstorm,2026-04-29 14:11:15.684661
Kolkata,32,63,15,1006,Thunderstorm,2026-04-20 12:11:15.684661
Delhi,33,39,10,1029,Thunderstorm,2026-04-27 02:11:15.684661
Pune,35,77,1,1011,Haze,2026-04-10 13:11:15.684661
Kolkata,34,50,19,994,Rainy,2026-04-19 23:11:15.684661
Bangalore,25,64,22,993,Cloudy,2026-05-06 12:11:15.684661
Lucknow,37,86,30,1013,Thunderstorm,2026-05-05 01:11:15.684661
Lucknow,35,64,3,1015,Thunderstorm,2026-04-20 12:11:15.684661
Pune,24,89,9,992,Rainy,2026-04-23 13:11:15.684661
Hyderabad,30,47,30,1011,Rainy,2026-05-10 18:11:15.684661
Hyderabad,35,95,9,1030,Sunny,2026-05-02 20:11:15.684661
Bangalore,41,44,23,990,Partly Cloudy,2026-05-02 13:11:15.684661
Delhi,26,83,30,1028,Haze,2026-05-04 04:11:15.684661
Chennai,26,76,23,1023,Sunny,2026-05-03 14:11:15.684661
Hyderabad,41,93,18,1017,Sunny,2026-04-18 10:11:15.684661
Kolkata,33,73,19,1016,Partly Cloudy,2026-04-25 17:11:15.684661
Pune,31,78,10,1002,Partly Cloudy,2026-04-18 11:11:15.684661
Nagpur,30,91,29,1016,Cloudy,2026-04-26 13:11:15.684661
Jaipur,35,85,19,1021,Thunderstorm,2026-04-26 14:11:15.684661
Jaipur,26,48,21,1007,Partly Cloudy,2026-05-01 12:11:15.684661
Bangalore,33,64,10,1003,Sunny,2026-04-24 00:11:15.684661
Pune,41,41,28,996,Cloudy,2026-04-16 07:11:15.684661
Nagpur,25,32,24,1020,Rainy,2026-04-28 23:11:15.684661
Delhi,41,62,25,1017,Haze,2026-04-28 13:11:15.684661
Nagpur,34,54,10,993,Sunny,2026-04-22 05:11:15.684661
Bangalore,35,86,9,1029,Thunderstorm,2026-04-27 03:11:15.684661
Mumbai,31,70,29,1027,Haze,2026-04-24 19:11:15.684661
Hyderabad,20,40,26,1002,Rainy,2026-04-21 08:11:15.684661
Jaipur,32,73,12,1018,Rainy,2026-04-16 18:11:15.684661
Lucknow,37,89,29,1011,Rainy,2026-04-14 20:11:15.684661
Jaipur,29,31,17,992,Sunny,2026-04-13 19:11:15.684661
Hyderabad,30,82,29,1028,Haze,2026-04-29 18:11:15.684661
Chennai,32,38,14,1027,Thunderstorm,2026-05-06 14:11:15.684661
Lucknow,24,41,11,990,Cloudy,2026-04-24 05:11:15.684661
Bangalore,41,93,24,1003,Sunny,2026-04-21 18:11:15.684661
Jaipur,27,66,4,1014,Cloudy,2026-04-26 10:11:15.684661
Jaipur,20,62,9,1026,Haze,2026-04-30 01:11:15.684661
Chennai,39,45,1,996,Haze,2026-05-07 01:11:15.684661
Pune,23,60,6,1014,Partly Cloudy,2026-05-02 04:11:15.684661
Bangalore,32,75,13,1004,Sunny,2026-05-05 10:11:15.684661
Pune,24,44,5,1019,Partly Cloudy,2026-04-22 23:11:15.684661
Bangalore,33,34,4,1009,Haze,2026-04-17 23:11:15.684661
Bangalore,40,64,23,1014,Rainy,2026-04-14 07:11:15.684661
Mumbai,41,76,1,1012,Haze,2026-04-16 23:11:15.684661
Hyderabad,34,37,16,999,Rainy,2026-04-29 13:11:15.684661
Pune,41,65,3,993,Haze,2026-05-03 10:11:15.684661
Hyderabad,41,33,8,1003,Thunderstorm,2026-04-12 12:11:15.684661
Delhi,40,85,29,996,Partly Cloudy,2026-05-09 07:11:15.684661
Kolkata,31,63,20,1029,Rainy,2026-05-09 18:11:15.684661
Nagpur,37,73,20,1018,Partly Cloudy,2026-05-07 13:11:15.684661
Bangalore,33,90,29,1016,Sunny,2026-05-01 09:11:15.684661
Bangalore,42,88,6,1016,Haze,2026-04-26 09:11:15.684661
Kolkata,41,53,22,1018,Partly Cloudy,2026-05-05 08:11:15.684661
Lucknow,24,74,29,1003,Partly Cloudy,2026-05-02 08:11:15.684661
Bangalore,22,74,17,1030,Thunderstorm,2026-04-24 09:11:15.684661
Bangalore,40,33,6,990,Cloudy,2026-05-05 04:11:15.684661
Nagpur,41,86,8,1002,Partly Cloudy,2026-04-28 20:11:15.684661
Lucknow,31,81,2,1022,Cloudy,2026-04-29 12:11:15.684661
Pune,39,36,26,990,Rainy,2026-04-26 16:11:15.684661
Delhi,31,81,20,1025,Haze,2026-04-27 08:11:15.684661
Lucknow,37,31,21,998,Cloudy,2026-04-23 13:11:15.684661
Bangalore,29,33,9,1014,Partly Cloudy,2026-04-27 02:11:15.684661
Pune,38,31,15,1004,Thunderstorm,2026-04-22 06:11:15.684661
Nagpur,20,81,24,1014,Partly Cloudy,2026-05-07 06:11:15.684661
Delhi,20,59,9,993,Sunny,2026-04-29 01:11:15.684661
Chennai,33,72,30,1007,Rainy,2026-04-21 04:11:15.684661
Delhi,31,71,23,995,Sunny,2026-04-27 07:11:15.684661
Nagpur,36,74,7,1019,Rainy,2026-04-21 19:11:15.684661
Bangalore,25,83,2,1021,Thunderstorm,2026-04-25 19:11:15.684661
Hyderabad,36,45,4,1017,Haze,2026-04-20 20:11:15.684661
Mumbai,29,35,30,992,Cloudy,2026-04-29 17:11:15.684661
Chennai,39,72,22,1007,Sunny,2026-04-19 23:11:15.684661
Nagpur,20,53,8,1026,Thunderstorm,2026-04-13 03:11:15.684661
Lucknow,35,34,26,1005,Partly Cloudy,2026-04-19 09:11:15.684661
Hyderabad,30,54,24,1017,Rainy,2026-05-02 06:11:15.684661
Pune,27,35,18,1011,Cloudy,2026-04-20 00:11:15.684661
Nagpur,41,77,27,1023,Rainy,2026-04-21 20:11:15.684661
Bangalore,31,59,15,1027,Partly Cloudy,2026-04-28 08:11:15.684661
Kolkata,37,45,16,1020,Partly Cloudy,2026-04-26 06:11:15.685658
Chennai,41,77,24,1030,Rainy,2026-04-23 22:11:15.685658
Kolkata,32,77,23,1028,Cloudy,2026-04-11 20:11:15.685658
Mumbai,36,62,14,1007,Sunny,2026-05-03 19:11:15.685658
Pune,40,66,24,1021,Cloudy,2026-04-22 23:11:15.685658
Pune,37,30,26,1005,Sunny,2026-04-28 13:11:15.685658
Lucknow,25,80,29,1027,Cloudy,2026-04-21 02:11:15.685658
Delhi,23,94,15,997,Cloudy,2026-04-11 12:11:15.685658
Hyderabad,32,71,26,992,Haze,2026-05-10 04:11:15.685658
Lucknow,37,71,3,1011,Cloudy,2026-04-17 21:11:15.685658
Mumbai,41,59,27,1017,Partly Cloudy,2026-05-04 09:11:15.685658
Hyderabad,31,66,22,1007,Haze,2026-05-10 19:11:15.685658
Chennai,27,71,10,1012,Sunny,2026-05-08 22:11:15.685658
Bangalore,37,47,18,1008,Sunny,2026-04-14 23:11:15.685658
Jaipur,32,42,13,996,Rainy,2026-05-07 02:11:15.685658
Pune,35,36,4,993,Thunderstorm,2026-04-30 05:11:15.685658
Delhi,21,92,20,1011,Rainy,2026-04-10 03:11:15.685658
Lucknow,42,54,20,1021,Rainy,2026-04-24 10:11:15.685658
Hyderabad,38,43,5,1018,Thunderstorm,2026-04-30 17:11:15.685658
Chennai,27,69,6,1010,Haze,2026-04-12 13:11:15.685658
Delhi,34,56,6,1006,Sunny,2026-04-30 08:11:15.685658
Pune,40,39,30,1002,Haze,2026-05-09 05:11:15.685658
Hyderabad,23,49,22,1001,Rainy,2026-05-10 22:11:15.685658
Nagpur,22,62,11,1019,Sunny,2026-04-12 11:11:15.685658
Chennai,22,61,24,1027,Sunny,2026-04-16 08:11:15.685658
Kolkata,21,53,25,1012,Thunderstorm,2026-04-15 00:11:15.685658
Pune,22,36,30,1015,Sunny,2026-04-20 04:11:15.685658
Jaipur,42,53,10,1013,Partly Cloudy,2026-04-22 05:11:15.685658
Pune,23,86,6,1007,Haze,2026-04-30 16:11:15.685658
Kolkata,36,33,9,997,Cloudy,2026-04-20 06:11:15.685658
Nagpur,33,83,30,1013,Partly Cloudy,2026-04-18 09:11:15.685658
Pune,29,72,5,1027,Sunny,2026-05-04 22:11:15.685658
Pune,22,33,28,1003,Cloudy,2026-05-04 16:11:15.685658
Lucknow,20,85,9,994,Rainy,2026-05-03 18:11:15.685658
Hyderabad,40,68,14,1011,Rainy,2026-04-10 23:11:15.685658
Lucknow,20,61,13,1027,Partly Cloudy,2026-04-24 14:11:15.685658
Kolkata,31,75,3,1001,Haze,2026-04-26 13:11:15.685658
Delhi,20,80,1,993,Rainy,2026-04-10 02:11:15.685658
Bangalore,30,59,2,1027,Thunderstorm,2026-05-02 23:11:15.685658
Hyderabad,25,35,9,1007,Cloudy,2026-05-09 20:11:15.685658
Bangalore,32,60,2,1023,Haze,2026-04-13 21:11:15.685658
Mumbai,42,68,16,1004,Thunderstorm,2026-04-22 16:11:15.685658
Hyderabad,33,64,5,1027,Haze,2026-04-19 13:11:15.685658
Bangalore,29,40,16,1003,Haze,2026-04-24 05:11:15.685658
Delhi,35,78,6,993,Partly Cloudy,2026-04-20 17:11:15.685658
Bangalore,35,79,25,1017,Cloudy,2026-04-23 14:11:15.685658
Pune,29,48,24,998,Sunny,2026-05-10 09:11:15.685658
Kolkata,21,94,21,1024,Haze,2026-04-20 07:11:15.685658
Lucknow,37,74,17,1012,Haze,2026-04-12 14:11:15.685658
Jaipur,36,41,3,1029,Thunderstorm,2026-04-15 00:11:15.685658
Kolkata,21,54,4,1023,Rainy,2026-05-06 07:11:15.685658
Mumbai,33,84,17,1002,Thunderstorm,2026-04-19 10:11:15.685658
Bangalore,32,39,23,991,Thunderstorm,2026-04-29 15:11:15.685658
Kolkata,20,55,4,1021,Sunny,2026-05-06 05:11:15.685658
Chennai,24,45,29,992,Cloudy,2026-04-16 01:11:15.685658
Pune,30,61,29,996,Cloudy,2026-04-28 12:11:15.685658
Chennai,23,49,18,1017,Rainy,2026-04-11 01:11:15.685658
Chennai,27,70,11,1007,Thunderstorm,2026-05-08 09:11:15.685658
Bangalore,39,52,21,1001,Haze,2026-04-19 17:11:15.685658
Delhi,40,81,5,1019,Cloudy,2026-04-10 11:11:15.685658
Hyderabad,34,50,11,1003,Partly Cloudy,2026-05-02 10:11:15.685658
Pune,35,39,25,996,Cloudy,2026-04-15 03:11:15.685658
Kolkata,32,86,21,991,Sunny,2026-05-02 15:11:15.685658
Lucknow,29,30,3,1009,Sunny,2026-05-03 20:11:15.685658
Nagpur,33,72,10,990,Haze,2026-04-11 20:11:15.685658
Hyderabad,41,81,9,1004,Partly Cloudy,2026-04-20 18:11:15.685658
Delhi,41,44,16,1025,Sunny,2026-04-12 19:11:15.685658
Lucknow,22,72,24,999,Sunny,2026-04-29 10:11:15.685658
Mumbai,30,32,14,995,Partly Cloudy,2026-04-24 14:11:15.685658
Pune,24,42,8,1014,Thunderstorm,2026-05-05 04:11:15.685658
Mumbai,28,80,19,1012,Partly Cloudy,2026-05-01 02:11:15.685658
Lucknow,30,30,30,1017,Sunny,2026-05-08 01:11:15.685658
Lucknow,41,50,20,1013,Rainy,2026-04-21 05:11:15.685658
Mumbai,33,49,10,1030,Haze,2026-04-14 08:11:15.685658
Chennai,25,38,11,1003,Rainy,2026-04-18 05:11:15.685658
Jaipur,25,45,14,995,Thunderstorm,2026-04-27 16:11:15.685658
Jaipur,35,56,30,995,Haze,2026-04-23 18:11:15.685658
Bangalore,22,59,16,1000,Thunderstorm,2026-04-10 17:11:15.685658
Jaipur,40,46,22,1009,Haze,2026-05-04 15:11:15.685658
Lucknow,38,74,24,1014,Rainy,2026-04-25 11:11:15.685658
Jaipur,42,74,16,996,Rainy,2026-04-16 05:11:15.685658
Jaipur,40,54,10,1005,Cloudy,2026-04-22 20:11:15.685658
Jaipur,33,83,29,1027,Thunderstorm,2026-04-25 07:11:15.685658
Chennai,31,52,2,1030,Thunderstorm,2026-05-04 15:11:15.685658
Nagpur,34,77,23,1010,Thunderstorm,2026-04-23 00:11:15.685658
Bangalore,23,49,16,1029,Thunderstorm,2026-04-12 23:11:15.685658
Nagpur,34,85,26,1012,Cloudy,2026-05-02 18:11:15.685658
Bangalore,39,64,4,1021,Thunderstorm,2026-05-08 22:11:15.685658
Delhi,33,89,10,1007,Haze,2026-05-06 15:11:15.685658
Jaipur,22,38,5,996,Haze,2026-04-24 12:11:15.685658
Lucknow,23,76,12,992,Rainy,2026-05-08 20:11:15.685658
Chennai,22,69,3,1012,Partly Cloudy,2026-05-05 20:11:15.686656
Jaipur,25,66,23,1023,Partly Cloudy,2026-04-18 00:11:15.686656
Mumbai,41,65,18,1009,Cloudy,2026-04-20 15:11:15.686656
Mumbai,33,81,4,1027,Partly Cloudy,2026-05-05 00:11:15.686656
Hyderabad,24,42,25,1010,Sunny,2026-05-06 14:11:15.686656
Jaipur,28,54,3,999,Sunny,2026-05-10 08:11:15.686656
Kolkata,29,48,27,996,Partly Cloudy,2026-04-26 16:11:15.686656
Jaipur,36,87,12,1022,Rainy,2026-04-12 17:11:15.686656
Mumbai,22,58,5,1010,Cloudy,2026-04-22 15:11:15.686656
Delhi,34,57,2,998,Sunny,2026-04-23 04:11:15.686656
Kolkata,21,47,1,1026,Partly Cloudy,2026-05-03 00:11:15.686656
Jaipur,40,74,26,1020,Thunderstorm,2026-05-06 16:11:15.686656
Lucknow,40,83,14,1016,Sunny,2026-05-04 13:11:15.686656
Pune,20,35,14,1018,Rainy,2026-04-25 10:11:15.686656
Lucknow,34,94,27,1002,Partly Cloudy,2026-04-28 08:11:15.686656
Pune,22,58,27,1029,Partly Cloudy,2026-04-18 12:11:15.686656
Pune,28,81,29,1016,Haze,2026-04-18 23:11:15.686656
Chennai,42,89,8,1018,Haze,2026-04-10 18:11:15.686656
Delhi,31,43,3,1006,Partly Cloudy,2026-04-25 04:11:15.686656
Chennai,42,83,5,1027,Rainy,2026-05-04 06:11:15.686656
Pune,33,41,7,998,Thunderstorm,2026-04-15 01:11:15.686656
Bangalore,22,84,16,990,Thunderstorm,2026-04-16 04:11:15.686656
Kolkata,36,85,9,1010,Partly Cloudy,2026-04-28 20:11:15.686656
Bangalore,34,42,3,1015,Haze,2026-04-27 23:11:15.686656
Kolkata,26,91,27,1011,Partly Cloudy,2026-04-16 15:11:15.686656
Pune,24,65,5,1003,Thunderstorm,2026-05-08 23:11:15.686656
Mumbai,42,31,23,1026,Sunny,2026-04-27 22:11:15.686656
Jaipur,33,43,26,1023,Haze,2026-04-11 09:11:15.686656
Bangalore,29,66,13,990,Haze,2026-04-11 03:11:15.686656
Chennai,27,58,17,1019,Rainy,2026-04-15 11:11:15.686656
Jaipur,35,94,29,1008,Thunderstorm,2026-05-06 06:11:15.686656
Delhi,40,67,17,1016,Cloudy,2026-04-19 11:11:15.686656
Lucknow,23,71,11,995,Partly Cloudy,2026-05-10 15:11:15.686656
Nagpur,35,54,5,1023,Partly Cloudy,2026-04-16 09:11:15.686656
Mumbai,29,80,18,1012,Sunny,2026-04-18 17:11:15.686656
Chennai,31,75,16,999,Partly Cloudy,2026-04-29 17:11:15.686656
Mumbai,36,37,14,1029,Haze,2026-04-17 13:11:15.686656
Delhi,21,73,1,1004,Haze,2026-04-29 14:11:15.686656
Jaipur,26,59,4,1010,Sunny,2026-04-20 22:11:15.686656
Bangalore,26,41,24,1005,Cloudy,2026-04-26 09:11:15.686656
Bangalore,36,69,11,1002,Rainy,2026-04-14 05:11:15.686656
Chennai,34,89,23,996,Partly Cloudy,2026-05-03 06:11:15.686656
Chennai,23,65,29,998,Thunderstorm,2026-04-18 11:11:15.686656
Mumbai,28,48,20,1020,Haze,2026-04-14 02:11:15.686656
Delhi,35,79,19,1028,Rainy,2026-04-12 22:11:15.686656
Pune,23,52,7,1028,Thunderstorm,2026-04-23 14:11:15.686656
Bangalore,20,92,15,1001,Thunderstorm,2026-04-17 13:11:15.686656
Delhi,23,37,5,1024,Haze,2026-04-20 05:11:15.686656
Pune,23,78,2,997,Cloudy,2026-04-16 10:11:15.686656
Jaipur,35,80,24,993,Rainy,2026-04-24 13:11:15.686656
Lucknow,23,49,4,1023,Haze,2026-04-20 21:11:15.686656
Mumbai,21,34,4,1017,Rainy,2026-04-12 22:11:15.686656
Delhi,30,83,13,997,Haze,2026-04-20 04:11:15.686656
Mumbai,26,38,1,1021,Thunderstorm,2026-04-30 11:11:15.686656
Kolkata,38,77,30,1002,Thunderstorm,2026-04-28 12:11:15.686656
Hyderabad,28,78,14,1005,Rainy,2026-05-06 03:11:15.686656
Jaipur,29,88,29,1023,Thunderstorm,2026-04-26 23:11:15.686656
Lucknow,34,56,24,1030,Partly Cloudy,2026-04-16 04:11:15.686656
Kolkata,21,66,24,1022,Haze,2026-04-16 02:11:15.686656
Kolkata,32,68,23,990,Thunderstorm,2026-04-28 11:11:15.686656
Chennai,35,56,1,1017,Thunderstorm,2026-05-07 06:11:15.686656
Chennai,32,32,13,1024,Thunderstorm,2026-04-11 22:11:15.686656
Pune,28,69,8,1030,Cloudy,2026-04-16 00:11:15.686656
Chennai,34,80,23,1014,Sunny,2026-05-05 15:11:15.686656
Chennai,31,65,10,1008,Sunny,2026-04-18 19:11:15.686656
Delhi,23,58,8,999,Sunny,2026-05-09 22:11:15.686656
Pune,39,94,21,999,Thunderstorm,2026-05-10 15:11:15.686656
Hyderabad,35,50,6,1011,Thunderstorm,2026-04-18 23:11:15.686656
Jaipur,34,87,22,992,Rainy,2026-04-20 01:11:15.686656
Nagpur,26,41,14,1014,Haze,2026-04-19 18:11:15.686656
Pune,33,81,5,1010,Rainy,2026-04-25 23:11:15.686656
Delhi,39,51,25,1024,Thunderstorm,2026-04-26 06:11:15.686656
Mumbai,36,46,2,1013,Partly Cloudy,2026-04-17 09:11:15.686656
Jaipur,30,38,12,1003,Partly Cloudy,2026-04-10 01:11:15.686656
Kolkata,29,30,13,1006,Thunderstorm,2026-04-12 00:11:15.686656
Kolkata,34,54,28,991,Partly Cloudy,2026-04-30 19:11:15.686656
Pune,39,93,16,1011,Rainy,2026-04-25 21:11:15.686656
Lucknow,21,61,13,1029,Thunderstorm,2026-04-17 08:11:15.686656
Pune,40,89,23,1004,Thunderstorm,2026-04-16 20:11:15.686656
Delhi,35,45,25,1017,Rainy,2026-04-27 05:11:15.686656
Bangalore,26,73,1,1009,Sunny,2026-04-20 04:11:15.686656
Delhi,25,93,9,1028,Sunny,2026-05-08 04:11:15.686656
Bangalore,20,58,1,990,Partly Cloudy,2026-04-29 06:11:15.686656
Lucknow,25,89,12,1019,Thunderstorm,2026-05-03 08:11:15.686656
Kolkata,29,67,1,1024,Cloudy,2026-05-07 16:11:15.686656
Delhi,32,67,10,1003,Rainy,2026-04-27 21:11:15.686656
Mumbai,26,64,22,1009,Rainy,2026-05-06 02:11:15.686656
Delhi,41,70,3,1023,Cloudy,2026-05-01 02:11:15.686656
Pune,23,75,2,998,Cloudy,2026-04-12 05:11:15.687653
Lucknow,26,92,15,1026,Thunderstorm,2026-05-05 01:11:15.687653
Bangalore,42,53,2,1006,Rainy,2026-04-15 02:11:15.687653
Pune,23,90,24,1030,Partly Cloudy,2026-04-27 04:11:15.687653
Hyderabad,38,50,20,1017,Sunny,2026-04-27 02:11:15.687653
Jaipur,22,39,4,1022,Sunny,2026-04-10 02:11:15.687653
Delhi,34,95,22,1022,Cloudy,2026-04-25 12:11:15.687653
Delhi,23,63,26,1030,Cloudy,2026-04-19 15:11:15.687653
Mumbai,27,69,8,1011,Haze,2026-05-05 13:11:15.687653
Nagpur,23,62,28,1000,Cloudy,2026-04-16 04:11:15.687653
Hyderabad,38,41,30,1019,Thunderstorm,2026-05-02 22:11:15.687653
Delhi,33,42,23,1011,Cloudy,2026-04-24 22:11:15.687653
Lucknow,34,88,9,998,Rainy,2026-04-18 08:11:15.687653
Bangalore,30,73,21,1000,Haze,2026-05-04 14:11:15.687653
Mumbai,28,85,11,1008,Cloudy,2026-04-18 17:11:15.687653
Nagpur,41,51,1,992,Cloudy,2026-04-20 04:11:15.687653
Chennai,27,33,13,1019,Thunderstorm,2026-04-10 17:11:15.687653
Lucknow,24,71,26,1004,Sunny,2026-04-18 04:11:15.687653
Jaipur,36,36,22,996,Haze,2026-05-03 10:11:15.687653
Bangalore,20,95,6,1008,Sunny,2026-04-20 07:11:15.687653
Delhi,27,91,16,1003,Cloudy,2026-04-27 15:11:15.687653
Delhi,39,46,5,1004,Sunny,2026-04-13 01:11:15.687653
Chennai,20,85,4,1002,Haze,2026-04-26 09:11:15.687653
Mumbai,25,47,29,1018,Rainy,2026-04-16 08:11:15.687653
Mumbai,21,76,3,1006,Sunny,2026-05-02 14:11:15.687653
Kolkata,25,59,12,1001,Sunny,2026-05-08 23:11:15.687653
Nagpur,20,32,26,1021,Sunny,2026-05-07 00:11:15.687653
Chennai,30,92,9,1024,Rainy,2026-04-16 03:11:15.687653
Kolkata,23,32,7,996,Haze,2026-04-30 07:11:15.687653
Kolkata,22,93,25,1013,Cloudy,2026-04-21 11:11:15.687653
Chennai,35,90,28,1009,Partly Cloudy,2026-05-03 05:11:15.687653
Jaipur,32,38,2,1011,Thunderstorm,2026-04-11 04:11:15.687653
Chennai,26,94,25,1020,Partly Cloudy,2026-05-03 07:11:15.687653
Delhi,28,62,17,1009,Partly Cloudy,2026-04-21 20:11:15.687653
Kolkata,33,79,16,995,Rainy,2026-05-03 20:11:15.687653
Hyderabad,28,72,9,1027,Partly Cloudy,2026-04-23 13:11:15.687653
Bangalore,37,71,1,1006,Cloudy,2026-05-10 13:11:15.687653
Bangalore,36,66,12,992,Rainy,2026-04-16 21:11:15.687653
Chennai,35,93,9,992,Rainy,2026-04-22 16:11:15.687653
Bangalore,33,94,26,996,Cloudy,2026-04-15 22:11:15.687653
Delhi,42,40,24,1007,Partly Cloudy,2026-05-05 18:11:15.687653
Pune,37,52,9,1013,Partly Cloudy,2026-04-30 07:11:15.687653
Delhi,25,74,27,991,Cloudy,2026-04-13 01:11:15.687653
Kolkata,20,88,7,1017,Cloudy,2026-05-05 03:11:15.687653
Chennai,22,44,27,1027,Partly Cloudy,2026-04-15 20:11:15.687653
Pune,40,54,6,1010,Sunny,2026-05-05 07:11:15.687653
Delhi,42,50,29,995,Haze,2026-04-28 11:11:15.687653
Nagpur,28,94,16,1028,Haze,2026-04-15 00:11:15.687653
Kolkata,38,86,20,1013,Thunderstorm,2026-04-14 00:11:15.687653
Kolkata,42,90,5,1022,Rainy,2026-05-06 08:11:15.687653
Lucknow,26,41,20,995,Rainy,2026-05-02 20:11:15.687653
Kolkata,36,33,25,1019,Rainy,2026-04-26 07:11:15.687653
Nagpur,23,58,7,993,Rainy,2026-05-05 14:11:15.687653
Mumbai,23,67,19,1003,Haze,2026-05-02 17:11:15.687653
Delhi,41,55,30,1030,Sunny,2026-04-17 16:11:15.687653
Jaipur,38,73,26,1018,Haze,2026-05-09 18:11:15.687653
Kolkata,39,71,1,1030,Cloudy,2026-04-25 00:11:15.687653
Chennai,20,52,11,991,Haze,2026-04-21 22:11:15.687653
Hyderabad,31,45,16,1003,Partly Cloudy,2026-04-14 08:11:15.687653
Pune,39,68,15,1015,Cloudy,2026-04-30 00:11:15.687653
Mumbai,38,47,6,1025,Haze,2026-05-03 12:11:15.687653
Bangalore,29,44,18,1028,Rainy,2026-04-20 03:11:15.687653
Nagpur,26,31,21,1018,Thunderstorm,2026-05-08 20:11:15.687653
Delhi,23,85,8,1020,Thunderstorm,2026-05-03 14:11:15.687653
Hyderabad,40,86,28,1011,Sunny,2026-05-09 03:11:15.687653
Jaipur,20,79,5,1007,Haze,2026-04-20 05:11:15.687653
Nagpur,26,46,6,1002,Thunderstorm,2026-04-29 06:11:15.687653
Kolkata,20,87,12,1016,Rainy,2026-04-14 16:11:15.687653
Bangalore,23,63,14,1011,Rainy,2026-04-26 11:11:15.687653
Nagpur,37,95,5,1003,Rainy,2026-04-11 00:11:15.687653
Delhi,35,83,19,1014,Partly Cloudy,2026-04-12 15:11:15.687653
Hyderabad,27,62,5,1015,Haze,2026-04-26 21:11:15.687653
Lucknow,39,94,20,999,Partly Cloudy,2026-04-13 17:11:15.687653
Jaipur,40,35,5,1012,Sunny,2026-04-30 05:11:15.687653
Lucknow,30,93,9,1019,Sunny,2026-05-10 18:11:15.687653
Chennai,40,93,4,1026,Cloudy,2026-05-08 09:11:15.687653
Kolkata,31,81,18,1014,Cloudy,2026-04-29 22:11:15.687653
Mumbai,34,74,15,1020,Haze,2026-04-21 00:11:15.687653
Bangalore,38,61,26,996,Sunny,2026-05-02 12:11:15.687653
Mumbai,27,83,30,1017,Thunderstorm,2026-04-30 09:11:15.687653
Jaipur,25,79,23,1014,Haze,2026-04-19 12:11:15.687653
Chennai,33,89,3,1013,Partly Cloudy,2026-05-06 07:11:15.687653
Kolkata,27,35,29,1010,Cloudy,2026-04-17 19:11:15.687653
Pune,27,74,18,1019,Cloudy,2026-04-30 11:11:15.687653
Chennai,39,90,7,1012,Partly Cloudy,2026-05-06 16:11:15.688650
Hyderabad,34,66,18,1024,Thunderstorm,2026-04-16 02:11:15.688650
Kolkata,23,84,15,1001,Cloudy,2026-04-21 23:11:15.688650
Jaipur,34,42,2,1023,Sunny,2026-04-29 13:11:15.688650
Bangalore,32,33,25,1016,Partly Cloudy,2026-04-20 12:11:15.688650
Delhi,29,46,30,994,Cloudy,2026-04-25 22:11:15.688650
Chennai,27,85,1,1009,Haze,2026-04-22 04:11:15.688650
Lucknow,35,90,9,1026,Thunderstorm,2026-04-14 23:11:15.688650
Nagpur,37,53,17,1002,Thunderstorm,2026-04-25 02:11:15.688650
Bangalore,30,94,4,998,Haze,2026-04-11 08:11:15.688650
Mumbai,32,45,25,992,Thunderstorm,2026-04-18 14:11:15.688650
Jaipur,39,43,2,1012,Cloudy,2026-04-24 07:11:15.688650
Delhi,36,83,25,1000,Thunderstorm,2026-04-11 02:11:15.688650
Bangalore,37,59,11,1015,Partly Cloudy,2026-05-08 21:11:15.688650
Jaipur,20,53,24,1025,Partly Cloudy,2026-04-14 22:11:15.688650
Jaipur,24,49,27,1029,Partly Cloudy,2026-04-24 00:11:15.688650
Bangalore,29,84,30,995,Haze,2026-05-03 09:11:15.688650
Kolkata,38,50,26,1026,Rainy,2026-04-23 14:11:15.688650
Kolkata,35,43,26,993,Sunny,2026-04-17 17:11:15.688650
Nagpur,40,51,6,1026,Cloudy,2026-05-08 16:11:15.688650
Kolkata,40,39,25,993,Cloudy,2026-04-19 23:11:15.688650
Bangalore,41,94,9,1000,Rainy,2026-04-29 21:11:15.688650
Pune,23,88,8,1027,Partly Cloudy,2026-04-26 02:11:15.688650
Lucknow,27,66,4,1022,Sunny,2026-04-30 18:11:15.688650
Nagpur,26,45,3,1020,Thunderstorm,2026-05-06 01:11:15.688650
Delhi,29,45,14,1013,Thunderstorm,2026-05-05 23:11:15.688650
Lucknow,28,67,28,1000,Cloudy,2026-05-03 01:11:15.688650
Pune,37,89,14,1017,Haze,2026-05-06 09:11:15.688650
Delhi,25,78,2,993,Partly Cloudy,2026-04-19 06:11:15.688650
Delhi,22,44,11,991,Haze,2026-04-13 23:11:15.688650
Chennai,21,44,9,997,Cloudy,2026-04-12 20:11:15.688650
Chennai,22,54,14,1006,Thunderstorm,2026-04-17 01:11:15.688650
Delhi,33,67,16,997,Sunny,2026-05-01 20:11:15.688650
Kolkata,20,67,29,1021,Sunny,2026-04-11 22:11:15.688650
Pune,24,80,30,991,Rainy,2026-05-01 14:11:15.688650
Lucknow,35,74,15,992,Cloudy,2026-04-14 21:11:15.688650
Delhi,36,55,3,1015,Sunny,2026-05-05 08:11:15.688650
Bangalore,34,42,12,1020,Partly Cloudy,2026-04-18 13:11:15.688650
Kolkata,34,63,29,1028,Sunny,2026-04-19 11:11:15.688650
Hyderabad,33,89,21,1009,Thunderstorm,2026-05-01 14:11:15.688650
Bangalore,20,78,22,1021,Haze,2026-04-26 12:11:15.688650
Mumbai,23,44,24,1017,Cloudy,2026-05-05 00:11:15.688650
Nagpur,29,48,25,1022,Thunderstorm,2026-05-09 00:11:15.688650
Nagpur,35,89,2,991,Partly Cloudy,2026-04-19 16:11:15.688650
Lucknow,33,84,23,1014,Haze,2026-04-19 04:11:15.688650
Chennai,41,75,22,1025,Sunny,2026-04-21 18:11:15.688650
Chennai,27,40,14,1006,Sunny,2026-04-20 01:11:15.688650
Mumbai,32,34,30,1010,Rainy,2026-04-22 01:11:15.688650
Pune,36,93,14,996,Rainy,2026-04-20 07:11:15.688650
Bangalore,23,35,29,1001,Partly Cloudy,2026-05-05 01:11:15.688650
Jaipur,33,65,13,1003,Rainy,2026-04-27 04:11:15.688650
Delhi,31,39,5,1010,Rainy,2026-04-28 19:11:15.688650
Hyderabad,41,40,26,994,Thunderstorm,2026-04-28 06:11:15.688650
Hyderabad,39,57,28,1013,Partly Cloudy,2026-04-14 19:11:15.688650
Mumbai,21,38,27,994,Partly Cloudy,2026-05-06 23:11:15.688650
Pune,41,56,27,990,Haze,2026-04-25 08:11:15.688650
Bangalore,27,37,16,1024,Haze,2026-05-10 08:11:15.688650
Delhi,25,86,16,1015,Partly Cloudy,2026-04-13 00:11:15.688650
Pune,38,60,6,1002,Cloudy,2026-05-07 14:11:15.688650
Pune,26,57,9,1011,Thunderstorm,2026-04-19 09:11:15.688650
Nagpur,41,60,24,997,Haze,2026-05-03 03:11:15.688650
Jaipur,26,40,12,990,Rainy,2026-04-21 07:11:15.688650
Delhi,34,48,25,994,Sunny,2026-04-24 17:11:15.688650
Hyderabad,31,72,8,1029,Cloudy,2026-04-13 06:11:15.688650
Bangalore,26,37,19,1008,Thunderstorm,2026-04-24 22:11:15.688650
Lucknow,22,64,17,1012,Thunderstorm,2026-05-05 05:11:15.688650
Delhi,38,68,7,1005,Cloudy,2026-04-20 00:11:15.688650
Hyderabad,27,94,9,1008,Partly Cloudy,2026-04-30 01:11:15.688650
Mumbai,30,69,20,1022,Thunderstorm,2026-04-14 09:11:15.688650
Jaipur,22,34,7,996,Partly Cloudy,2026-04-12 09:11:15.688650
Delhi,38,78,13,1004,Sunny,2026-04-22 15:11:15.688650
Delhi,21,39,5,1003,Rainy,2026-04-20 00:11:15.688650
Jaipur,31,77,1,997,Partly Cloudy,2026-04-14 23:11:15.688650
Jaipur,22,57,27,1019,Partly Cloudy,2026-05-03 07:11:15.688650
Mumbai,29,44,9,1015,Partly Cloudy,2026-05-04 12:11:15.688650
Hyderabad,42,33,1,1018,Rainy,2026-04-11 11:11:15.688650
Lucknow,40,48,11,1027,Rainy,2026-04-19 19:11:15.688650
Mumbai,23,42,10,1029,Partly Cloudy,2026-05-07 05:11:15.688650
Chennai,27,57,25,1028,Haze,2026-04-11 04:11:15.688650
Jaipur,36,52,15,1027,Cloudy,2026-04-14 14:11:15.688650
Hyderabad,40,55,1,1010,Sunny,2026-04-19 07:11:15.688650
Chennai,29,50,25,1004,Haze,2026-04-12 12:11:15.689648
Delhi,34,93,14,1030,Partly Cloudy,2026-04-19 21:11:15.689648
Mumbai,28,51,10,1018,Partly Cloudy,2026-04-30 22:11:15.689648
Jaipur,25,72,24,1019,Partly Cloudy,2026-04-21 08:11:15.689648
Nagpur,42,78,1,998,Rainy,2026-04-12 13:11:15.689648
Kolkata,40,74,4,992,Rainy,2026-04-20 21:11:15.689648
Bangalore,32,88,13,1021,Rainy,2026-04-11 19:11:15.689648
Pune,21,37,27,1004,Rainy,2026-04-29 13:11:15.689648
Jaipur,28,36,29,993,Rainy,2026-04-14 05:11:15.689648
Pune,22,88,10,1008,Haze,2026-05-09 16:11:15.689648
Bangalore,41,78,6,1020,Haze,2026-05-02 10:11:15.689648
Pune,34,86,30,1002,Sunny,2026-04-22 07:11:15.689648
Kolkata,38,45,3,994,Haze,2026-05-05 14:11:15.689648
Jaipur,26,75,30,1005,Haze,2026-04-27 17:11:15.689648
Lucknow,31,58,28,999,Sunny,2026-05-07 05:11:15.689648
Kolkata,31,47,10,1017,Partly Cloudy,2026-05-09 06:11:15.689648
Nagpur,32,74,13,1012,Sunny,2026-04-11 03:11:15.689648
Nagpur,25,33,2,991,Thunderstorm,2026-04-10 08:11:15.689648
Hyderabad,27,89,2,1022,Rainy,2026-04-22 14:11:15.689648
Kolkata,20,58,6,998,Sunny,2026-04-12 11:11:15.689648
Lucknow,22,60,10,998,Thunderstorm,2026-04-22 16:11:15.689648
Hyderabad,37,46,26,1008,Haze,2026-05-08 01:11:15.689648
Mumbai,25,61,6,1003,Thunderstorm,2026-05-06 15:11:15.689648
Nagpur,42,43,28,1029,Sunny,2026-04-27 03:11:15.689648
Hyderabad,41,44,5,1015,Haze,2026-04-24 18:11:15.689648
Nagpur,23,50,4,1013,Thunderstorm,2026-05-10 10:11:15.689648
Jaipur,33,42,7,998,Haze,2026-05-03 16:11:15.689648
Jaipur,21,60,3,1027,Partly Cloudy,2026-04-15 12:11:15.689648
Pune,24,86,9,999,Thunderstorm,2026-04-13 11:11:15.689648
Kolkata,24,90,5,1013,Thunderstorm,2026-04-25 04:11:15.689648
Lucknow,21,47,4,997,Partly Cloudy,2026-04-27 12:11:15.689648
Mumbai,33,45,15,994,Cloudy,2026-05-10 19:11:15.689648
Lucknow,35,95,18,1009,Partly Cloudy,2026-04-12 10:11:15.689648
Lucknow,39,50,22,1028,Rainy,2026-04-30 20:11:15.689648
Hyderabad,20,65,22,1016,Haze,2026-04-23 01:11:15.689648
Delhi,31,31,22,1010,Sunny,2026-05-01 16:11:15.689648
Mumbai,26,64,4,1024,Rainy,2026-05-01 21:11:15.689648
Mumbai,39,90,5,1013,Partly Cloudy,2026-05-09 09:11:15.689648
Delhi,32,72,8,1001,Cloudy,2026-04-29 06:11:15.689648
Lucknow,41,61,23,1010,Rainy,2026-04-16 18:11:15.689648
Bangalore,27,82,8,998,Rainy,2026-04-21 13:11:15.689648
Delhi,27,65,18,1013,Thunderstorm,2026-04-11 01:11:15.689648
Nagpur,29,59,10,1006,Cloudy,2026-04-16 13:11:15.689648
Mumbai,42,66,15,1017,Thunderstorm,2026-04-24 13:11:15.689648
Pune,25,93,6,998,Cloudy,2026-04-30 08:11:15.689648
Mumbai,36,61,2,1026,Partly Cloudy,2026-04-12 13:11:15.689648
Mumbai,30,34,30,1012,Thunderstorm,2026-04-10 03:11:15.689648
Delhi,32,30,3,1021,Sunny,2026-04-28 05:11:15.689648
Kolkata,36,38,29,1009,Haze,2026-05-06 08:11:15.689648
Pune,25,30,17,1006,Haze,2026-04-23 15:11:15.689648
Pune,26,51,13,1018,Sunny,2026-04-23 02:11:15.689648
Kolkata,30,40,23,990,Haze,2026-04-22 22:11:15.689648
Chennai,42,68,9,1011,Rainy,2026-04-22 15:11:15.689648
Delhi,38,44,28,1028,Cloudy,2026-04-11 02:11:15.689648
Lucknow,32,44,20,990,Partly Cloudy,2026-05-06 19:11:15.689648
Lucknow,33,38,29,1005,Haze,2026-04-22 12:11:15.689648
Delhi,33,50,11,1022,Haze,2026-04-26 14:11:15.689648
Lucknow,40,34,5,1007,Partly Cloudy,2026-04-19 00:11:15.689648
Kolkata,35,47,17,997,Cloudy,2026-04-11 18:11:15.689648
Mumbai,42,91,14,990,Partly Cloudy,2026-04-23 20:11:15.689648
Jaipur,41,90,20,991,Partly Cloudy,2026-04-25 13:11:15.689648
Chennai,20,48,3,1027,Cloudy,2026-05-06 08:11:15.689648
Jaipur,37,90,16,1027,Partly Cloudy,2026-05-01 22:11:15.689648
Nagpur,24,74,18,1002,Sunny,2026-04-16 13:11:15.689648
Nagpur,42,36,2,1008,Rainy,2026-05-07 07:11:15.689648
Lucknow,34,31,2,1002,Thunderstorm,2026-05-09 18:11:15.689648
Lucknow,23,37,7,1026,Cloudy,2026-04-27 20:11:15.689648
Kolkata,21,64,16,1022,Cloudy,2026-05-10 01:11:15.689648
Chennai,28,63,13,1008,Partly Cloudy,2026-05-03 06:11:15.689648
Bangalore,21,81,29,1025,Sunny,2026-05-10 02:11:15.689648
Bangalore,29,83,10,1012,Partly Cloudy,2026-05-03 08:11:15.689648
Mumbai,42,42,18,1002,Thunderstorm,2026-04-25 17:11:15.689648
Delhi,29,59,7,1023,Haze,2026-04-22 09:11:15.689648
Bangalore,24,54,9,991,Haze,2026-04-10 22:11:15.689648
Pune,32,30,13,996,Cloudy,2026-04-21 05:11:15.689648
Bangalore,22,76,5,1013,Partly Cloudy,2026-04-23 22:11:15.689648
Mumbai,26,71,18,999,Partly Cloudy,2026-04-28 00:11:15.689648
Jaipur,41,84,22,1014,Rainy,2026-04-24 00:11:15.689648
Hyderabad,29,91,12,1002,Partly Cloudy,2026-04-16 07:11:15.689648
Pune,27,85,30,1003,Rainy,2026-05-08 03:11:15.689648
Delhi,40,41,2,1027,Rainy,2026-05-02 01:11:15.689648
Lucknow,42,55,17,1006,Haze,2026-04-20 13:11:15.689648
Delhi,33,54,9,998,Rainy,2026-04-12 13:11:15.689648
Pune,21,57,7,1014,Rainy,2026-04-10 17:11:15.689648
Delhi,23,37,24,1025,Cloudy,2026-04-24 09:11:15.690645
Hyderabad,24,30,26,1001,Haze,2026-04-16 16:11:15.690645
Mumbai,27,95,29,1004,Partly Cloudy,2026-04-11 18:11:15.690645
Bangalore,39,89,12,1009,Thunderstorm,2026-05-05 03:11:15.690645
Delhi,42,92,10,1002,Cloudy,2026-05-10 10:11:15.690645
Pune,20,36,6,1019,Cloudy,2026-04-13 00:11:15.690645
Mumbai,40,40,29,1010,Haze,2026-05-02 12:11:15.690645
Jaipur,37,75,14,1004,Haze,2026-04-28 03:11:15.690645
Mumbai,25,89,15,1002,Rainy,2026-04-11 13:11:15.690645
Delhi,41,94,21,1001,Rainy,2026-05-09 12:11:15.690645
Delhi,33,69,29,1030,Rainy,2026-04-29 18:11:15.690645
Nagpur,22,37,28,1028,Haze,2026-04-26 04:11:15.690645
Pune,20,42,9,1001,Sunny,2026-05-09 23:11:15.690645
Kolkata,40,86,20,1027,Cloudy,2026-05-09 09:11:15.690645
Lucknow,33,60,9,994,Thunderstorm,2026-04-27 10:11:15.690645
Bangalore,23,36,15,999,Rainy,2026-04-20 00:11:15.690645
Nagpur,26,37,7,1004,Cloudy,2026-04-25 19:11:15.690645
Chennai,28,79,3,993,Thunderstorm,2026-05-08 06:11:15.690645
Nagpur,34,50,6,995,Thunderstorm,2026-04-16 09:11:15.690645
Jaipur,38,82,24,1016,Partly Cloudy,2026-05-04 19:11:15.690645
Pune,34,65,6,1011,Cloudy,2026-04-25 05:11:15.690645
Chennai,29,45,25,1017,Cloudy,2026-04-29 03:11:15.690645
Delhi,29,43,4,992,Haze,2026-04-17 01:11:15.690645
Lucknow,39,63,2,1014,Rainy,2026-05-04 22:11:15.690645
Bangalore,21,52,2,1009,Haze,2026-04-26 09:11:15.690645
Hyderabad,28,70,29,1017,Haze,2026-05-08 17:11:15.690645
Pune,21,87,30,1003,Cloudy,2026-05-01 16:11:15.690645
Kolkata,41,51,9,1015,Rainy,2026-04-26 12:11:15.690645
Pune,23,86,13,1019,Haze,2026-04-22 04:11:15.690645
Delhi,34,56,19,1006,Haze,2026-04-26 13:11:15.690645
Bangalore,42,87,12,997,Rainy,2026-05-02 15:11:15.690645
Hyderabad,27,40,14,1017,Thunderstorm,2026-04-22 17:11:15.690645
Kolkata,42,39,3,1015,Haze,2026-04-26 04:11:15.690645
Nagpur,30,78,3,1023,Sunny,2026-05-09 14:11:15.690645
Kolkata,34,54,11,1005,Rainy,2026-04-24 23:11:15.690645
Jaipur,32,72,7,1007,Rainy,2026-04-27 18:11:15.690645
Hyderabad,27,52,24,997,Rainy,2026-04-26 12:11:15.690645
Jaipur,25,55,29,1026,Haze,2026-05-06 17:11:15.690645
Kolkata,26,84,5,1007,Thunderstorm,2026-04-26 18:11:15.690645
Pune,26,94,19,1003,Sunny,2026-05-10 11:11:15.690645
Bangalore,41,33,26,1018,Partly Cloudy,2026-04-25 09:11:15.690645
Pune,38,89,26,1015,Cloudy,2026-05-04 19:11:15.690645
Kolkata,34,69,21,1030,Thunderstorm,2026-04-12 08:11:15.690645
Delhi,28,43,5,996,Partly Cloudy,2026-04-28 05:11:15.690645
Hyderabad,34,80,2,1014,Cloudy,2026-04-15 00:11:15.690645
Delhi,37,49,23,995,Rainy,2026-04-29 03:11:15.690645
Jaipur,35,69,6,1009,Cloudy,2026-04-26 22:11:15.690645
Jaipur,22,41,1,1011,Sunny,2026-05-05 04:11:15.690645
Delhi,21,30,1,1011,Thunderstorm,2026-04-23 14:11:15.690645
Nagpur,32,42,21,1007,Sunny,2026-04-22 15:11:15.690645
Kolkata,40,60,23,994,Rainy,2026-04-19 02:11:15.690645
Kolkata,30,95,5,996,Rainy,2026-04-26 21:11:15.690645
Hyderabad,32,94,14,1029,Thunderstorm,2026-04-25 19:11:15.690645
Delhi,39,77,27,1014,Haze,2026-05-03 00:11:15.690645
Mumbai,39,53,23,991,Thunderstorm,2026-04-27 09:11:15.690645
Lucknow,37,38,2,1011,Cloudy,2026-05-02 09:11:15.690645
Kolkata,42,61,1,1017,Partly Cloudy,2026-05-08 15:11:15.690645
Mumbai,34,54,21,999,Sunny,2026-04-27 18:11:15.690645
Kolkata,23,55,5,1007,Rainy,2026-04-26 05:11:15.690645
Hyderabad,26,58,22,992,Thunderstorm,2026-04-16 08:11:15.690645
Hyderabad,24,63,13,990,Cloudy,2026-04-15 12:11:15.690645
Hyderabad,36,87,13,1024,Haze,2026-05-06 08:11:15.690645
Delhi,24,33,19,1025,Rainy,2026-05-07 02:11:15.690645
Pune,30,35,19,1016,Rainy,2026-05-10 00:11:15.690645
Bangalore,29,79,6,995,Sunny,2026-05-01 19:11:15.690645
Pune,36,39,7,1011,Partly Cloudy,2026-04-14 21:11:15.690645
Bangalore,25,30,18,1007,Thunderstorm,2026-05-10 21:11:15.690645
Delhi,28,92,8,1029,Haze,2026-04-19 09:11:15.690645
Mumbai,27,56,22,1003,Haze,2026-04-26 23:11:15.690645
Nagpur,39,89,25,1028,Cloudy,2026-04-14 11:11:15.690645
Hyderabad,37,79,15,1029,Haze,2026-05-10 19:11:15.690645
Chennai,23,55,21,1014,Thunderstorm,2026-04-20 20:11:15.690645
Pune,36,52,14,996,Rainy,2026-05-04 22:11:15.690645
Lucknow,21,68,2,997,Sunny,2026-04-20 15:11:15.690645
Chennai,32,63,3,1011,Sunny,2026-04-12 12:11:15.690645
Hyderabad,28,85,20,1026,Thunderstorm,2026-05-03 12:11:15.690645
Delhi,36,67,2,1030,Rainy,2026-04-17 09:11:15.690645
Lucknow,42,52,17,999,Rainy,2026-05-08 12:11:15.690645
Mumbai,38,51,4,1023,Rainy,2026-04-12 14:11:15.690645
Hyderabad,28,49,6,1004,Thunderstorm,2026-04-14 05:11:15.690645
Mumbai,30,66,19,1006,Cloudy,2026-04-25 05:11:15.690645
Pune,36,75,20,1013,Sunny,2026-04-13 04:11:15.690645
Bangalore,37,94,26,1008,Thunderstorm,2026-04-30 23:11:15.690645
Delhi,21,30,20,1028,Partly Cloudy,2026-05-03 10:11:15.691642
Mumbai,22,70,16,1010,Sunny,2026-04-28 13:11:15.691642
Bangalore,21,64,18,1014,Thunderstorm,2026-05-09 04:11:15.691642
Mumbai,36,77,16,1012,Partly Cloudy,2026-05-01 12:11:15.691642
Bangalore,23,49,9,1015,Sunny,2026-04-13 09:11:15.691642
Chennai,26,95,23,994,Partly Cloudy,2026-04-27 13:11:15.691642
Delhi,30,93,12,1017,Haze,2026-05-08 20:11:15.691642
Jaipur,29,46,24,992,Cloudy,2026-05-10 21:11:15.691642
Delhi,40,89,29,992,Cloudy,2026-05-06 17:11:15.691642
Chennai,21,53,8,1022,Cloudy,2026-04-19 04:11:15.691642
Lucknow,38,71,27,993,Rainy,2026-04-12 01:11:15.691642
Lucknow,24,38,12,992,Sunny,2026-04-23 04:11:15.691642
Jaipur,31,93,22,1028,Partly Cloudy,2026-04-27 11:11:15.691642
Delhi,21,56,30,1027,Haze,2026-04-11 00:11:15.691642
Chennai,21,50,27,1005,Partly Cloudy,2026-05-05 00:11:15.691642
Delhi,28,75,30,1025,Cloudy,2026-04-21 04:11:15.691642
Mumbai,40,84,29,995,Haze,2026-04-16 02:11:15.691642
Kolkata,38,35,19,1029,Rainy,2026-04-20 20:11:15.691642
Jaipur,21,60,21,1016,Cloudy,2026-04-23 20:11:15.691642
Hyderabad,42,37,6,1014,Sunny,2026-04-23 05:11:15.691642
Kolkata,20,47,7,999,Thunderstorm,2026-04-27 13:11:15.691642
Jaipur,32,30,6,1026,Cloudy,2026-05-08 20:11:15.691642
Jaipur,32,44,10,996,Partly Cloudy,2026-04-16 15:11:15.691642
Bangalore,41,43,3,998,Haze,2026-05-02 03:11:15.691642
Pune,23,59,7,1002,Thunderstorm,2026-05-06 12:11:15.691642
Bangalore,37,87,12,1006,Haze,2026-04-27 02:11:15.691642
Delhi,35,61,24,1028,Sunny,2026-04-10 15:11:15.691642
Mumbai,20,78,5,1009,Haze,2026-05-07 13:11:15.691642
Mumbai,39,74,8,993,Sunny,2026-04-28 18:11:15.691642
Hyderabad,42,37,10,1002,Thunderstorm,2026-04-20 23:11:15.691642
Delhi,40,64,2,1001,Partly Cloudy,2026-04-15 22:11:15.691642
Lucknow,36,68,16,1027,Rainy,2026-04-20 01:11:15.691642
Chennai,28,81,20,1014,Thunderstorm,2026-04-25 17:11:15.691642
Kolkata,24,93,14,1026,Haze,2026-04-21 10:11:15.691642
Nagpur,21,54,18,1008,Cloudy,2026-04-23 11:11:15.691642
Jaipur,25,52,27,1028,Cloudy,2026-05-03 02:11:15.691642
Delhi,38,87,22,1013,Rainy,2026-04-15 01:11:15.691642
Mumbai,35,73,22,1000,Rainy,2026-05-08 08:11:15.691642
Mumbai,24,74,8,1029,Sunny,2026-04-30 17:11:15.691642
Bangalore,37,78,9,1026,Sunny,2026-04-12 22:11:15.691642
Delhi,23,64,1,1020,Rainy,2026-05-03 06:11:15.691642
Chennai,34,30,19,994,Sunny,2026-04-20 22:11:15.691642
Mumbai,34,58,23,1006,Thunderstorm,2026-04-23 02:11:15.691642
